--Creando tablas

--Mesa
CREATE TABLE MESA (
        ID_MESA NUMERIC(2,0) PRIMARY KEY,
        ESTADO VARCHAR(30),
        CAPACIDAD NUMERIC(2,0)
);

COMMENT ON COLUMN MESA.ID_MESA IS 'Identificador único de la mesa';
COMMENT ON COLUMN MESA.ESTADO IS 'Estado actual de la mesa (e.g., disponible, ocupada)';
COMMENT ON COLUMN MESA.CAPACIDAD IS 'Capacidad de la mesa en número de comensales';

INSERT INTO MESA (ID_MESA, ESTADO, CAPACIDAD) VALUES (1, 'DISPONIBLE', 4);
INSERT INTO MESA (ID_MESA, ESTADO, CAPACIDAD) VALUES (2, 'OCUPADA', 6);
INSERT INTO MESA (ID_MESA, ESTADO, CAPACIDAD) VALUES (3, 'RESERVADA', 8);
INSERT INTO MESA (ID_MESA, ESTADO, CAPACIDAD) VALUES (4, 'EN LIMPIEZA', 10);
INSERT INTO MESA (ID_MESA, ESTADO, CAPACIDAD) VALUES (5, 'EN MANTENIMIENTO', 4);
INSERT INTO MESA (ID_MESA, ESTADO, CAPACIDAD) VALUES (6, 'DISPONIBLE', 2);
INSERT INTO MESA (ID_MESA, ESTADO, CAPACIDAD) VALUES (7, 'OCUPADA', 10);
INSERT INTO MESA (ID_MESA, ESTADO, CAPACIDAD) VALUES (8, 'RESERVADA', 6);
INSERT INTO MESA (ID_MESA, ESTADO, CAPACIDAD) VALUES (9, 'EN LIMPIEZA', 3);
INSERT INTO MESA (ID_MESA, ESTADO, CAPACIDAD) VALUES (10, 'DISPONIBLE', 5);

SELECT * FROM MESA;

--Cliente
CREATE TABLE CLIENTE (
        ID_CLIENTE NUMERIC(4,0) PRIMARY KEY,
        NOMBRE_CLIENTE VARCHAR(30),
        NUMERO_TELEFONICO VARCHAR(13),
        CORREO_ELECTRONICO VARCHAR(254),
        NUMERO_VISITAS NUMERIC(4,0)
);

COMMENT ON COLUMN CLIENTE.ID_CLIENTE IS 'Identificador único del cliente';
COMMENT ON COLUMN CLIENTE.NOMBRE_CLIENTE IS 'Nombre del cliente';
COMMENT ON COLUMN CLIENTE.NUMERO_TELEFONICO IS 'Número telefónico del cliente en formato internacional';
COMMENT ON COLUMN CLIENTE.CORREO_ELECTRONICO IS 'Correo electrónico del cliente';
COMMENT ON COLUMN CLIENTE.NUMERO_VISITAS IS 'Número de visitas del cliente al establecimiento';

INSERT INTO CLIENTE (ID_CLIENTE, NOMBRE_CLIENTE, NUMERO_TELEFONICO, CORREO_ELECTRONICO, NUMERO_VISITAS) VALUES (1, 'Juan P.', '5551234567', 'juan.p@example.com', 5);
INSERT INTO CLIENTE (ID_CLIENTE, NOMBRE_CLIENTE, NUMERO_TELEFONICO, CORREO_ELECTRONICO, NUMERO_VISITAS) VALUES (2, 'Maria G.', '5559876543', 'maria.g@example.com', 3);
INSERT INTO CLIENTE (ID_CLIENTE, NOMBRE_CLIENTE, NUMERO_TELEFONICO, CORREO_ELECTRONICO, NUMERO_VISITAS) VALUES (3, 'Carlos R.', '5557654321', 'carlos.r@example.com', 10);
INSERT INTO CLIENTE (ID_CLIENTE, NOMBRE_CLIENTE, NUMERO_TELEFONICO, CORREO_ELECTRONICO, NUMERO_VISITAS) VALUES (4, 'Ana L.', '5552345678', 'ana.l@example.com', 7);
INSERT INTO CLIENTE (ID_CLIENTE, NOMBRE_CLIENTE, NUMERO_TELEFONICO, CORREO_ELECTRONICO, NUMERO_VISITAS) VALUES (5, 'Luis M.', '5558765432', 'luis.m@example.com', 2);
INSERT INTO CLIENTE (ID_CLIENTE, NOMBRE_CLIENTE, NUMERO_TELEFONICO, CORREO_ELECTRONICO, NUMERO_VISITAS) VALUES (6, 'Elena S.', '5553456789', 'elena.s@example.com', 6);
INSERT INTO CLIENTE (ID_CLIENTE, NOMBRE_CLIENTE, NUMERO_TELEFONICO, CORREO_ELECTRONICO, NUMERO_VISITAS) VALUES (7, 'David T.', '5554567890', 'david.t@example.com', 8);
INSERT INTO CLIENTE (ID_CLIENTE, NOMBRE_CLIENTE, NUMERO_TELEFONICO, CORREO_ELECTRONICO, NUMERO_VISITAS) VALUES (8, 'Sofia V.', '5555678901', 'sofia.v@example.com', 4);
INSERT INTO CLIENTE (ID_CLIENTE, NOMBRE_CLIENTE, NUMERO_TELEFONICO, CORREO_ELECTRONICO, NUMERO_VISITAS) VALUES (9, 'Miguel C.', '5556789012', 'miguel.c@example.com', 9);
INSERT INTO CLIENTE (ID_CLIENTE, NOMBRE_CLIENTE, NUMERO_TELEFONICO, CORREO_ELECTRONICO, NUMERO_VISITAS) VALUES (10, 'Laura H.', '5557890123', 'laura.h@example.com', 1);

SELECT * FROM CLIENTE;

--Reservacion
CREATE TABLE RESERVACION (
    ID_RESERVACION NUMERIC(4,0) PRIMARY KEY,
    ID_CLIENTE NUMERIC(4,0),
    ID_MESA NUMERIC(2,0),
    NUMERO_COMENSALES NUMERIC(4,0),
    FECHA_HORA_RESERVA DATE,
    TIPO_RESERVA VARCHAR2(30),
    TIEMPO_ESTANCIA_ESTIMADO INTERVAL DAY TO SECOND, 
    CONSTRAINT FK_CLIENTE FOREIGN KEY (ID_CLIENTE) REFERENCES CLIENTE(ID_CLIENTE),
    CONSTRAINT FK_MESA FOREIGN KEY (ID_MESA) REFERENCES MESA(ID_MESA)
);

COMMENT ON COLUMN RESERVACION.ID_RESERVACION IS 'Identificador único de la reservación';
COMMENT ON COLUMN RESERVACION.ID_CLIENTE IS 'Identificador del cliente que realiza la reservación';
COMMENT ON COLUMN RESERVACION.NUMERO_COMENSALES IS 'Número de comensales en la reservación';
COMMENT ON COLUMN RESERVACION.FECHA_HORA_RESERVA IS 'Fecha y hora de la reservación';
COMMENT ON COLUMN RESERVACION.TIPO_RESERVA IS 'Tipo de reservación';
COMMENT ON COLUMN RESERVACION.TIEMPO_ESTANCIA_ESTIMADO IS 'Tiempo estimado de estancia para la reservación';

INSERT INTO RESERVACION (ID_RESERVACION, ID_CLIENTE, NUMERO_COMENSALES, FECHA_HORA_RESERVA, TIPO_RESERVA, TIEMPO_ESTANCIA_ESTIMADO) VALUES (1, 1, 4, TO_DATE('2024-06-01 19:00:00', 'YYYY-MM-DD HH24:MI:SS'), 'NORMAL', INTERVAL '2' HOUR);
INSERT INTO RESERVACION (ID_RESERVACION, ID_CLIENTE, NUMERO_COMENSALES, FECHA_HORA_RESERVA, TIPO_RESERVA, TIEMPO_ESTANCIA_ESTIMADO) VALUES (2, 2, 6, TO_DATE('2024-06-02 20:00:00', 'YYYY-MM-DD HH24:MI:SS'), 'CELEBRACIÓN', INTERVAL '3' HOUR);
INSERT INTO RESERVACION (ID_RESERVACION, ID_CLIENTE, NUMERO_COMENSALES, FECHA_HORA_RESERVA, TIPO_RESERVA, TIEMPO_ESTANCIA_ESTIMADO) VALUES (3, 3, 8, TO_DATE('2024-06-03 18:00:00', 'YYYY-MM-DD HH24:MI:SS'), 'EVENTO ESPECIAL', INTERVAL '4' HOUR);
INSERT INTO RESERVACION (ID_RESERVACION, ID_CLIENTE, NUMERO_COMENSALES, FECHA_HORA_RESERVA, TIPO_RESERVA, TIEMPO_ESTANCIA_ESTIMADO) VALUES (4, 4, 10, TO_DATE('2024-06-04 21:00:00', 'YYYY-MM-DD HH24:MI:SS'), 'NORMAL', INTERVAL '2' HOUR);
INSERT INTO RESERVACION (ID_RESERVACION, ID_CLIENTE, NUMERO_COMENSALES, FECHA_HORA_RESERVA, TIPO_RESERVA, TIEMPO_ESTANCIA_ESTIMADO) VALUES (5, 5, 3, TO_DATE('2024-06-05 17:00:00', 'YYYY-MM-DD HH24:MI:SS'), 'CELEBRACIÓN', INTERVAL '3' HOUR);
INSERT INTO RESERVACION (ID_RESERVACION, ID_CLIENTE, NUMERO_COMENSALES, FECHA_HORA_RESERVA, TIPO_RESERVA, TIEMPO_ESTANCIA_ESTIMADO) VALUES (6, 6, 5, TO_DATE('2024-06-06 19:00:00', 'YYYY-MM-DD HH24:MI:SS'), 'EVENTO ESPECIAL', INTERVAL '4' HOUR);
INSERT INTO RESERVACION (ID_RESERVACION, ID_CLIENTE, NUMERO_COMENSALES, FECHA_HORA_RESERVA, TIPO_RESERVA, TIEMPO_ESTANCIA_ESTIMADO) VALUES (7, 7, 2, TO_DATE('2024-06-07 20:00:00', 'YYYY-MM-DD HH24:MI:SS'), 'NORMAL', INTERVAL '2' HOUR);
INSERT INTO RESERVACION (ID_RESERVACION, ID_CLIENTE, NUMERO_COMENSALES, FECHA_HORA_RESERVA, TIPO_RESERVA, TIEMPO_ESTANCIA_ESTIMADO) VALUES (8, 8, 9, TO_DATE('2024-06-08 18:00:00', 'YYYY-MM-DD HH24:MI:SS'), 'CELEBRACIÓN', INTERVAL '3' HOUR);
INSERT INTO RESERVACION (ID_RESERVACION, ID_CLIENTE, NUMERO_COMENSALES, FECHA_HORA_RESERVA, TIPO_RESERVA, TIEMPO_ESTANCIA_ESTIMADO) VALUES (9, 9, 7, TO_DATE('2024-06-09 21:00:00', 'YYYY-MM-DD HH24:MI:SS'), 'EVENTO ESPECIAL', INTERVAL '4' HOUR);
INSERT INTO RESERVACION (ID_RESERVACION, ID_CLIENTE, NUMERO_COMENSALES, FECHA_HORA_RESERVA, TIPO_RESERVA, TIEMPO_ESTANCIA_ESTIMADO) VALUES (10, 10, 4, TO_DATE('2024-06-10 19:00:00', 'YYYY-MM-DD HH24:MI:SS'), 'NORMAL', INTERVAL '2' HOUR);

INSERT INTO RESERVACION (ID_RESERVACION, ID_CLIENTE, NUMERO_COMENSALES, FECHA_HORA_RESERVA, TIPO_RESERVA, TIEMPO_ESTANCIA_ESTIMADO) VALUES (11, 1, 4, TO_DATE('2024-04-05 19:00:00', 'YYYY-MM-DD HH24:MI:SS'), 'NORMAL', INTERVAL '2' HOUR);
INSERT INTO RESERVACION (ID_RESERVACION, ID_CLIENTE, NUMERO_COMENSALES, FECHA_HORA_RESERVA, TIPO_RESERVA, TIEMPO_ESTANCIA_ESTIMADO) VALUES (12, 2, 6, TO_DATE('2024-04-10 20:00:00', 'YYYY-MM-DD HH24:MI:SS'), 'CELEBRACIÓN', INTERVAL '3' HOUR);
INSERT INTO RESERVACION (ID_RESERVACION, ID_CLIENTE, NUMERO_COMENSALES, FECHA_HORA_RESERVA, TIPO_RESERVA, TIEMPO_ESTANCIA_ESTIMADO) VALUES (13, 3, 8, TO_DATE('2024-04-15 18:00:00', 'YYYY-MM-DD HH24:MI:SS'), 'EVENTO ESPECIAL', INTERVAL '4' HOUR);
INSERT INTO RESERVACION (ID_RESERVACION, ID_CLIENTE, NUMERO_COMENSALES, FECHA_HORA_RESERVA, TIPO_RESERVA, TIEMPO_ESTANCIA_ESTIMADO) VALUES (14, 4, 10, TO_DATE('2024-04-20 21:00:00', 'YYYY-MM-DD HH24:MI:SS'), 'NORMAL', INTERVAL '2' HOUR);
INSERT INTO RESERVACION (ID_RESERVACION, ID_CLIENTE, NUMERO_COMENSALES, FECHA_HORA_RESERVA, TIPO_RESERVA, TIEMPO_ESTANCIA_ESTIMADO) VALUES (15, 5, 3, TO_DATE('2024-04-25 17:00:00', 'YYYY-MM-DD HH24:MI:SS'), 'CELEBRACIÓN', INTERVAL '3' HOUR);
INSERT INTO RESERVACION (ID_RESERVACION, ID_CLIENTE, NUMERO_COMENSALES, FECHA_HORA_RESERVA, TIPO_RESERVA, TIEMPO_ESTANCIA_ESTIMADO) VALUES (16, 6, 5, TO_DATE('2024-04-30 19:00:00', 'YYYY-MM-DD HH24:MI:SS'), 'EVENTO ESPECIAL', INTERVAL '4' HOUR);
INSERT INTO RESERVACION (ID_RESERVACION, ID_CLIENTE, NUMERO_COMENSALES, FECHA_HORA_RESERVA, TIPO_RESERVA, TIEMPO_ESTANCIA_ESTIMADO) VALUES (17, 7, 2, TO_DATE('2024-05-01 20:00:00', 'YYYY-MM-DD HH24:MI:SS'), 'NORMAL', INTERVAL '2' HOUR);
INSERT INTO RESERVACION (ID_RESERVACION, ID_CLIENTE, NUMERO_COMENSALES, FECHA_HORA_RESERVA, TIPO_RESERVA, TIEMPO_ESTANCIA_ESTIMADO) VALUES (18, 8, 9, TO_DATE('2024-05-02 18:00:00', 'YYYY-MM-DD HH24:MI:SS'), 'CELEBRACIÓN', INTERVAL '3' HOUR);
INSERT INTO RESERVACION (ID_RESERVACION, ID_CLIENTE, NUMERO_COMENSALES, FECHA_HORA_RESERVA, TIPO_RESERVA, TIEMPO_ESTANCIA_ESTIMADO) VALUES (19, 9, 7, TO_DATE('2024-05-03 21:00:00', 'YYYY-MM-DD HH24:MI:SS'), 'EVENTO ESPECIAL', INTERVAL '4' HOUR);
INSERT INTO RESERVACION (ID_RESERVACION, ID_CLIENTE, NUMERO_COMENSALES, FECHA_HORA_RESERVA, TIPO_RESERVA, TIEMPO_ESTANCIA_ESTIMADO) VALUES (20, 10, 4, TO_DATE('2024-05-04 19:00:00', 'YYYY-MM-DD HH24:MI:SS'), 'NORMAL', INTERVAL '2' HOUR);

SELECT * FROM RESERVACION;

--Cliente Frecuente
CREATE TABLE CLIENTEFRECUENTE (
    ID_CLIENTE NUMERIC(4,0) PRIMARY KEY,
    PREFERENCIAS_COMIDAS VARCHAR2(40),
    PREFERENCIAS_MESA VARCHAR2(40),
    CONSTRAINT FK_CLIENTE_FRECUENTE FOREIGN KEY (ID_CLIENTE) REFERENCES CLIENTE(ID_CLIENTE)
);

COMMENT ON COLUMN CLIENTEFRECUENTE.ID_CLIENTE IS 'Identificador único del cliente, siendo llave primaria dentro de esta tabla y llave foránea de la tabla CLIENTE';
COMMENT ON COLUMN CLIENTEFRECUENTE.PREFERENCIAS_COMIDAS IS 'Preferencias de comidas del cliente';
COMMENT ON COLUMN CLIENTEFRECUENTE.PREFERENCIAS_MESA IS 'Preferencias de mesa del cliente';

INSERT INTO CLIENTEFRECUENTE (ID_CLIENTE, PREFERENCIAS_COMIDAS, PREFERENCIAS_MESA) VALUES (1, 'Vegetariana', 'NORMAL');
INSERT INTO CLIENTEFRECUENTE (ID_CLIENTE, PREFERENCIAS_COMIDAS, PREFERENCIAS_MESA) VALUES (2, 'Italiana', 'PRIVADA');
INSERT INTO CLIENTEFRECUENTE (ID_CLIENTE, PREFERENCIAS_COMIDAS, PREFERENCIAS_MESA) VALUES (3, 'Mexicana', 'VIP');
INSERT INTO CLIENTEFRECUENTE (ID_CLIENTE, PREFERENCIAS_COMIDAS, PREFERENCIAS_MESA) VALUES (4, 'China', 'NORMAL');
INSERT INTO CLIENTEFRECUENTE (ID_CLIENTE, PREFERENCIAS_COMIDAS, PREFERENCIAS_MESA) VALUES (5, 'Japonesa', 'PRIVADA');
INSERT INTO CLIENTEFRECUENTE (ID_CLIENTE, PREFERENCIAS_COMIDAS, PREFERENCIAS_MESA) VALUES (6, 'Vegana', 'VIP');
INSERT INTO CLIENTEFRECUENTE (ID_CLIENTE, PREFERENCIAS_COMIDAS, PREFERENCIAS_MESA) VALUES (7, 'India', 'NORMAL');
INSERT INTO CLIENTEFRECUENTE (ID_CLIENTE, PREFERENCIAS_COMIDAS, PREFERENCIAS_MESA) VALUES (8, 'Francesa', 'PRIVADA');
INSERT INTO CLIENTEFRECUENTE (ID_CLIENTE, PREFERENCIAS_COMIDAS, PREFERENCIAS_MESA) VALUES (9, 'Española', 'VIP');
INSERT INTO CLIENTEFRECUENTE (ID_CLIENTE, PREFERENCIAS_COMIDAS, PREFERENCIAS_MESA) VALUES (10, 'Mediterránea', 'NORMAL');

SELECT * FROM CLIENTEFRECUENTE;

--Comentarios y calificacion
CREATE TABLE COMENTARIOCALIFICACION (
    ID_COMENTARIO NUMERIC(4,0) PRIMARY KEY,
    ID_RESERVACION NUMERIC(4,0),
    ID_CLIENTE NUMERIC(4,0),
    COMENTARIO VARCHAR2(1000),
    CALIFICACION NUMERIC(4,0),
    CONSTRAINT FK_RESERVACION_COMENTARIO FOREIGN KEY (ID_RESERVACION) REFERENCES RESERVACION(ID_RESERVACION),
    CONSTRAINT FK_CLIENTE_COMENTARIO FOREIGN KEY (ID_CLIENTE) REFERENCES CLIENTE(ID_CLIENTE)
);

COMMENT ON COLUMN COMENTARIOCALIFICACION.ID_COMENTARIO IS 'Identificador único del comentario';
COMMENT ON COLUMN COMENTARIOCALIFICACION.ID_RESERVACION IS 'Identificador de la reservación asociada al comentario';
COMMENT ON COLUMN COMENTARIOCALIFICACION.ID_CLIENTE IS 'Identificador del cliente que realiza el comentario';
COMMENT ON COLUMN COMENTARIOCALIFICACION.COMENTARIO IS 'Texto del comentario realizado por el cliente';
COMMENT ON COLUMN COMENTARIOCALIFICACION.CALIFICACION IS 'Calificación otorgada por el cliente';

INSERT INTO COMENTARIOCALIFICACION (ID_COMENTARIO, ID_RESERVACION, ID_CLIENTE, COMENTARIO, CALIFICACION) VALUES (1, 1, 1, 'Excelente servicio, muy satisfecho.', 95);
INSERT INTO COMENTARIOCALIFICACION (ID_COMENTARIO, ID_RESERVACION, ID_CLIENTE, COMENTARIO, CALIFICACION) VALUES (2, 2, 2, 'La comida estaba fría y el servicio fue lento.', 40);
INSERT INTO COMENTARIOCALIFICACION (ID_COMENTARIO, ID_RESERVACION, ID_CLIENTE, COMENTARIO, CALIFICACION) VALUES (3, 3, 3, 'Muy buen ambiente y comida deliciosa.', 90);
INSERT INTO COMENTARIOCALIFICACION (ID_COMENTARIO, ID_RESERVACION, ID_CLIENTE, COMENTARIO, CALIFICACION) VALUES (4, 4, 4, 'La mesa estaba sucia cuando llegamos.', 30);
INSERT INTO COMENTARIOCALIFICACION (ID_COMENTARIO, ID_RESERVACION, ID_CLIENTE, COMENTARIO, CALIFICACION) VALUES (5, 5, 5, 'El lugar es hermoso, pero el servicio puede mejorar.', 70);
INSERT INTO COMENTARIOCALIFICACION (ID_COMENTARIO, ID_RESERVACION, ID_CLIENTE, COMENTARIO, CALIFICACION) VALUES (6, 6, 6, 'Excelente atención y comida exquisita.', 100);
INSERT INTO COMENTARIOCALIFICACION (ID_COMENTARIO, ID_RESERVACION, ID_CLIENTE, COMENTARIO, CALIFICACION) VALUES (7, 7, 7, 'No me gustó la comida, esperaba más.', 50);
INSERT INTO COMENTARIOCALIFICACION (ID_COMENTARIO, ID_RESERVACION, ID_CLIENTE, COMENTARIO, CALIFICACION) VALUES (8, 8, 8, 'La experiencia fue agradable, volveré pronto.', 85);
INSERT INTO COMENTARIOCALIFICACION (ID_COMENTARIO, ID_RESERVACION, ID_CLIENTE, COMENTARIO, CALIFICACION) VALUES (9, 9, 9, 'Mal servicio, no lo recomiendo.', 20);
INSERT INTO COMENTARIOCALIFICACION (ID_COMENTARIO, ID_RESERVACION, ID_CLIENTE, COMENTARIO, CALIFICACION) VALUES (10, 10, 10, 'Todo perfecto, nada que mejorar.', 100);

SELECT * FROM COMENTARIOCALIFICACION;

--Registros de pago
CREATE TABLE REGISTROPAGOS (
        ID_REGISTROPAGOS NUMERIC(4,0) PRIMARY KEY,
        ID_RESERVACION NUMERIC(4,0),
        FECHA_HORA_PAGO DATE,
        MONTO NUMERIC(10,4),
        CONSTRAINT FK_RESERVACION_PAGO FOREIGN KEY (ID_RESERVACION) REFERENCES RESERVACION(ID_RESERVACION)
);

COMMENT ON COLUMN REGISTROPAGOS.ID_REGISTROPAGOS IS 'Identificador único del registro de pago';
COMMENT ON COLUMN REGISTROPAGOS.ID_RESERVACION IS 'Identificador de la reservación asociada al pago';
COMMENT ON COLUMN REGISTROPAGOS.FECHA_HORA_PAGO IS 'Fecha y hora en que se realizó el pago';
COMMENT ON COLUMN REGISTROPAGOS.MONTO IS 'Monto del pago realizado';

INSERT INTO REGISTROPAGOS (ID_REGISTROPAGOS, ID_RESERVACION, FECHA_HORA_PAGO, MONTO) VALUES (1, 11, TO_DATE('2024-04-05 21:00:00', 'YYYY-MM-DD HH24:MI:SS'), 150.75);
INSERT INTO REGISTROPAGOS (ID_REGISTROPAGOS, ID_RESERVACION, FECHA_HORA_PAGO, MONTO) VALUES (2, 12, TO_DATE('2024-04-10 22:00:00', 'YYYY-MM-DD HH24:MI:SS'), 200.50);
INSERT INTO REGISTROPAGOS (ID_REGISTROPAGOS, ID_RESERVACION, FECHA_HORA_PAGO, MONTO) VALUES (3, 13, TO_DATE('2024-04-15 20:00:00', 'YYYY-MM-DD HH24:MI:SS'), 300.00);
INSERT INTO REGISTROPAGOS (ID_REGISTROPAGOS, ID_RESERVACION, FECHA_HORA_PAGO, MONTO) VALUES (4, 14, TO_DATE('2024-04-20 23:00:00', 'YYYY-MM-DD HH24:MI:SS'), 400.25);
INSERT INTO REGISTROPAGOS (ID_REGISTROPAGOS, ID_RESERVACION, FECHA_HORA_PAGO, MONTO) VALUES (5, 15, TO_DATE('2024-04-25 19:00:00', 'YYYY-MM-DD HH24:MI:SS'), 120.00);
INSERT INTO REGISTROPAGOS (ID_REGISTROPAGOS, ID_RESERVACION, FECHA_HORA_PAGO, MONTO) VALUES (6, 16, TO_DATE('2024-04-30 21:00:00', 'YYYY-MM-DD HH24:MI:SS'), 250.00);
INSERT INTO REGISTROPAGOS (ID_REGISTROPAGOS, ID_RESERVACION, FECHA_HORA_PAGO, MONTO) VALUES (7, 17, TO_DATE('2024-05-01 22:00:00', 'YYYY-MM-DD HH24:MI:SS'), 300.75);
INSERT INTO REGISTROPAGOS (ID_REGISTROPAGOS, ID_RESERVACION, FECHA_HORA_PAGO, MONTO) VALUES (8, 18, TO_DATE('2024-05-02 20:00:00', 'YYYY-MM-DD HH24:MI:SS'), 450.50);
INSERT INTO REGISTROPAGOS (ID_REGISTROPAGOS, ID_RESERVACION, FECHA_HORA_PAGO, MONTO) VALUES (9, 19, TO_DATE('2024-05-03 23:00:00', 'YYYY-MM-DD HH24:MI:SS'), 350.25);
INSERT INTO REGISTROPAGOS (ID_REGISTROPAGOS, ID_RESERVACION, FECHA_HORA_PAGO, MONTO) VALUES (10, 20, TO_DATE('2024-05-04 21:00:00', 'YYYY-MM-DD HH24:MI:SS'), 275.00);

SELECT * FROM REGISTROPAGOS;

--Historial de reservaciones
CREATE TABLE HISTORIALRESERVACIONES (
    ID_RESERVACION NUMERIC(4,0),
    ID_CLIENTE NUMERIC(4,0),
    FECHA_HORA_VISITA DATE,
    DETALLES_RESERVACION VARCHAR2(1000),
    CONSTRAINT PK_HISTORIAL PRIMARY KEY (ID_RESERVACION, ID_CLIENTE),
    CONSTRAINT FK_HISTORIAL_RESERVACION FOREIGN KEY (ID_RESERVACION) REFERENCES RESERVACION(ID_RESERVACION),
    CONSTRAINT FK_HISTORIAL_CLIENTE FOREIGN KEY (ID_CLIENTE) REFERENCES CLIENTE(ID_CLIENTE)
);

COMMENT ON COLUMN HISTORIALRESERVACIONES.ID_RESERVACION IS 'Identificador de la reservación';
COMMENT ON COLUMN HISTORIALRESERVACIONES.ID_CLIENTE IS 'Identificador del cliente';
COMMENT ON COLUMN HISTORIALRESERVACIONES.FECHA_HORA_VISITA IS 'Fecha y hora de la visita realizada';
COMMENT ON COLUMN HISTORIALRESERVACIONES.DETALLES_RESERVACION IS 'Detalles adicionales sobre la reservación';

INSERT INTO HISTORIALRESERVACIONES (ID_RESERVACION, ID_CLIENTE, FECHA_HORA_VISITA, DETALLES_RESERVACION) VALUES (11, 1, TO_DATE('2024-04-05 19:00:00', 'YYYY-MM-DD HH24:MI:SS'), 'Cena familiar.');
INSERT INTO HISTORIALRESERVACIONES (ID_RESERVACION, ID_CLIENTE, FECHA_HORA_VISITA, DETALLES_RESERVACION) VALUES (12, 2, TO_DATE('2024-04-10 20:00:00', 'YYYY-MM-DD HH24:MI:SS'), 'Celebración de cumpleaños.');
INSERT INTO HISTORIALRESERVACIONES (ID_RESERVACION, ID_CLIENTE, FECHA_HORA_VISITA, DETALLES_RESERVACION) VALUES (13, 3, TO_DATE('2024-04-15 18:00:00', 'YYYY-MM-DD HH24:MI:SS'), 'Evento empresarial.');
INSERT INTO HISTORIALRESERVACIONES (ID_RESERVACION, ID_CLIENTE, FECHA_HORA_VISITA, DETALLES_RESERVACION) VALUES (14, 4, TO_DATE('2024-04-20 21:00:00', 'YYYY-MM-DD HH24:MI:SS'), 'Cena con amigos.');
INSERT INTO HISTORIALRESERVACIONES (ID_RESERVACION, ID_CLIENTE, FECHA_HORA_VISITA, DETALLES_RESERVACION) VALUES (15, 5, TO_DATE('2024-04-25 17:00:00', 'YYYY-MM-DD HH24:MI:SS'), 'Cena romántica.');
INSERT INTO HISTORIALRESERVACIONES (ID_RESERVACION, ID_CLIENTE, FECHA_HORA_VISITA, DETALLES_RESERVACION) VALUES (16, 6, TO_DATE('2024-04-30 19:00:00', 'YYYY-MM-DD HH24:MI:SS'), 'Reunión de negocios.');
INSERT INTO HISTORIALRESERVACIONES (ID_RESERVACION, ID_CLIENTE, FECHA_HORA_VISITA, DETALLES_RESERVACION) VALUES (17, 7, TO_DATE('2024-05-01 20:00:00', 'YYYY-MM-DD HH24:MI:SS'), 'Cena familiar.');
INSERT INTO HISTORIALRESERVACIONES (ID_RESERVACION, ID_CLIENTE, FECHA_HORA_VISITA, DETALLES_RESERVACION) VALUES (18, 8, TO_DATE('2024-05-02 18:00:00', 'YYYY-MM-DD HH24:MI:SS'), 'Cena de aniversario.');
INSERT INTO HISTORIALRESERVACIONES (ID_RESERVACION, ID_CLIENTE, FECHA_HORA_VISITA, DETALLES_RESERVACION) VALUES (19, 9, TO_DATE('2024-05-03 21:00:00', 'YYYY-MM-DD HH24:MI:SS'), 'Reunión con amigos.');
INSERT INTO HISTORIALRESERVACIONES (ID_RESERVACION, ID_CLIENTE, FECHA_HORA_VISITA, DETALLES_RESERVACION) VALUES (20, 10, TO_DATE('2024-05-04 19:00:00', 'YYYY-MM-DD HH24:MI:SS'), 'Cena familiar.');

SELECT * FROM HISTORIALRESERVACIONES;
